{
  "swagger": "2.0",
  "info": {
    "title": "Gerar Dados",
    "version": "1.0.0",
    "description": "Teste"
  },
  "host": "api-teste-dados.onrender.com",
  "basePath": "/Teste",
  "schemes": ["https"],
  "paths": {
    "/gerar-dadosAleatorios": {
      "get": {
        "description": "",
        "responses": {
          "200": {
            "description": "OK"
          }
        }
      }
    },
    "/validar-cpf": {
      "post": {
        "description": "",
        "parameters": [
          {
            "name": "body",
            "in": "body",
            "schema": {
              "type": "object",
              "properties": {
                "cpf": {
                  "example": "any"
                }
              }
            }
          }
        ],
        "responses": {
          "200": {
            "description": "OK"
          },
          "400": {
            "description": "Bad Request"
          }
        }
      }
    },
    "/validar-cep": {
      "post": {
        "description": "",
        "parameters": [
          {
            "name": "body",
            "in": "body",
            "schema": {
              "type": "object",
              "properties": {
                "cep": {
                  "example": "any"
                }
              }
            }
          }
        ],
        "responses": {
          "200": {
            "description": "OK"
          },
          "400": {
            "description": "Bad Request"
          }
        }
      }
    },
    "/enviar-sms": {
      "post": {
        "description": "",
        "parameters": [
          {
            "name": "body",
            "in": "body",
            "schema": {
              "type": "object",
              "properties": {
                "to": {
                  "example": "any"
                },
                "mensagem": {
                  "example": "any"
                }
              }
            }
          }
        ],
        "responses": {
          "200": {
            "description": "OK"
          },
          "400": {
            "description": "Bad Request"
          }
        }
      }
    },
    "/login": {
      "post": {
        "description": "Realize o login com as credenciais de usuário",
        "parameters": [
          {
            "name": "body",
            "in": "body",
            "schema": {
              "type": "object",
              "properties": {
                "username": {
                  "type": "string",
                  "example": "Erick-teste"
                },
                "password": {
                  "type": "string",
                  "example": "Teste@2023"
                }
              }
            }
          }
        ],
        "responses": {
          "200": {
            "description": "Login bem-sucedido. Retorna um token de autenticação."
          },
          "401": {
            "description": "Credenciais inválidas. Falha na autenticação."
          }
        }
      }
    }
  }
}
